ID,UID,card_power,Name,name_es,name_de,name_fr,Type,Level,HP,Attack,Armour,Effect,Description,AI_Visual_Description,AI modifier,AI prompt,AI_icon,AI_full
wood_splinter,item_101,1,Wood Splinter,Astilla de madera,Holzsplitter,Éclat de bois,Material,1,0,1,0,None,A tiny sharp fragment of wood.,Cinematic dark fantasy: A jagged splinter of dark wood on a stone surface.,icon format for role playing game item (160x160). cartoon realism,"Cinematic dark fantasy: A jagged splinter of dark wood on a stone surface.

icon format for role playing game item (160x160). cartoon realism","update image to medieval, watercolour. maintain white background",
mug_of_ale,item_102,1,Mug of Ale,Jarra de cerveza,Krug Bier,Chope de bière,Consumable,1,5,0,0,Tipsy,A frothy mug of village ale.,Cinematic dark fantasy: A wooden mug overflowing with amber ale in a dimly lit tavern.,icon format for role playing game item (160x160). cartoon realism,"Cinematic dark fantasy: A wooden mug overflowing with amber ale in a dimly lit tavern.

icon format for role playing game item (160x160). cartoon realism",,
iron_scrap,item_103,1,Iron Scrap,Chatarra de hierro,Eisenschrott,Ferraille,Material,1,0,0,2,None,Rusted bits of discarded iron.,Cinematic dark fantasy: A pile of rusted iron shards and bent nails.,icon format for role playing game item (160x160). cartoon realism,"Cinematic dark fantasy: A pile of rusted iron shards and bent nails.

icon format for role playing game item (160x160). cartoon realism",,
lockpick,item_104,1,Lockpick,Ganzúa,Dietrich,Crochet,Utility,1,0,0,0,Open,A set of slender tools for bypassing locks.,Cinematic dark fantasy: A leather roll containing various slim iron picks and a tension wrench.,icon format for role playing game item (160x160). cartoon realism,"Cinematic dark fantasy: A leather roll containing various slim iron picks and a tension wrench.

icon format for role playing game item (160x160). cartoon realism",,
vine,item_105,1,Vine,Enredadera,Ranke,Liane,Utility,1,0,2,0,Binds,"A length of sturdy, thorny forest vine.","Cinematic dark fantasy: A coil of green vine with long, sharp black thorns.",icon format for role playing game item (160x160). cartoon realism,"Cinematic dark fantasy: A coil of green vine with long, sharp black thorns.

icon format for role playing game item (160x160). cartoon realism",,
ash_pile,item_106,1,Ash Pile,Montón de cenizas,Aschehaufen,Tas de cendres,Material,1,0,0,0,Dust,The remains of a forgotten sacrifice.,"Cinematic dark fantasy: A grey heap of ash containing small, charred bone fragments.",icon format for role playing game item (160x160). cartoon realism,"Cinematic dark fantasy: A grey heap of ash containing small, charred bone fragments.

icon format for role playing game item (160x160). cartoon realism",,
wooden_flute,item_107,1,Wooden Flute,Flauta de madera,Holzflöte,Flûte en bois,Utility,1,0,0,0,Calm,A simple instrument for lonely nights.,Cinematic dark fantasy: A polished dark wood flute with small silver rings.,icon format for role playing game item (160x160). cartoon realism,"Cinematic dark fantasy: A polished dark wood flute with small silver rings.

icon format for role playing game item (160x160). cartoon realism",,
plant,item_108,1,Plant,Planta,Pflanze,Plante,Utility,1,0,0,0,Fortune,A rare plant with protective properties.,Cinematic dark fantasy: A single green plant pressed inside a tiny glass frame.,icon format for role playing game item (160x160). cartoon realism,"Cinematic dark fantasy: A single green plant pressed inside a tiny glass frame.

icon format for role playing game item (160x160). cartoon realism",,
firewood,item_109,1,Firewood,Leña,Brennholz,Bois de chauffage,Utility,1,0,0,0,Warmth,Logs ready for a campfire.,"Cinematic dark fantasy: A bundle of dry, split timber tied with a hemp rope.",icon format for role playing game item (160x160). cartoon realism,"Cinematic dark fantasy: A bundle of dry, split timber tied with a hemp rope.

icon format for role playing game item (160x160). cartoon realism",,
chisel,item_110,2,Chisel,Cincel,Meißel,Ciseau,Weapon,1,0,5,0,Precision,A tool for carving stone or bone.,"Cinematic dark fantasy: A short iron rod with a flat, razor-sharp edge.",icon format for role playing game item (160x160). cartoon realism,"Cinematic dark fantasy: A short iron rod with a flat, razor-sharp edge.

icon format for role playing game item (160x160). cartoon realism",,
stolen_lunch,item_111,2,Stolen Lunch,Almuerzo robado,Gestohlenes Mittagessen,Déjeuner volé,Consumable,2,15,0,0,Heal,A wrapped bundle of cheese and bread.,Cinematic dark fantasy: A cloth-wrapped bundle of rustic food.,icon format for role playing game item (160x160). cartoon realism,"Cinematic dark fantasy: A cloth-wrapped bundle of rustic food.

icon format for role playing game item (160x160). cartoon realism",,
heavy_boots,item_112,2,Heavy Boots,Botas pesadas,Schwere Stiefel,Bottes lourdes,Armour,2,0,2,8,Weight,Thick leather boots with iron soles.,Cinematic dark fantasy: Rugged mud-stained leather boots with heavy metal reinforcements.,icon format for role playing game item (160x160). cartoon realism,"Cinematic dark fantasy: Rugged mud-stained leather boots with heavy metal reinforcements.

icon format for role playing game item (160x160). cartoon realism",,
tax_form,item_113,2,Tax Form,Formulario de impuestos,Steuerformular,Formulaire d'impôt,Trap,2,0,0,0,Drain,A heavy parchment filled with bureaucratic demands.,Cinematic dark fantasy: A weathered scroll with official red wax seals and endless ink scribbles.,icon format for role playing game item (160x160). cartoon realism,"Cinematic dark fantasy: A weathered scroll with official red wax seals and endless ink scribbles.

icon format for role playing game item (160x160). cartoon realism",,
skull,item_114,2,Skull,Calavera,Schädel,Crâne,Material,2,0,4,0,Terror,A bleached human skull etched with runes.,"Cinematic dark fantasy: A hollow white skull sitting on dark velvet, eye sockets glowing faintly.",icon format for role playing game item (160x160). cartoon realism,"Cinematic dark fantasy: A hollow white skull sitting on dark velvet, eye sockets glowing faintly.

icon format for role playing game item (160x160). cartoon realism",,
honey,item_115,2,Honey,Miel,Honig,Miel,Consumable,2,10,0,0,Stick,"Thick, golden honey from wild hives.","Cinematic dark fantasy: A clay jar dripping with viscous, glowing amber honey.",icon format for role playing game item (160x160). cartoon realism,"Cinematic dark fantasy: A clay jar dripping with viscous, glowing amber honey.

icon format for role playing game item (160x160). cartoon realism",,
ember,item_116,2,Ember,Brasa,Glut,Braise,Material,2,0,5,0,Ignite,A glowing coal that never fades.,Cinematic dark fantasy: A single red spark hovering inside a protective iron cage.,icon format for role playing game item (160x160). cartoon realism,"Cinematic dark fantasy: A single red spark hovering inside a protective iron cage.

icon format for role playing game item (160x160). cartoon realism",,
blanket,item_117,2,Blanket,Manta,Decke,Couverture,Utility,2,5,0,0,Rest,A thick wool cover for sleeping.,"Cinematic dark fantasy: A heavy, grey fabric roll stained with dirt and travel.",icon format for role playing game item (160x160). cartoon realism,"Cinematic dark fantasy: A heavy, grey fabric roll stained with dirt and travel.

icon format for role playing game item (160x160). cartoon realism",,
shadow_essence,item_118,2,Shadow Essence,Esencia de sombra,Schattenessenz,Essence d'ombre,Material,3,0,12,0,Fear,A swirling cloud of dark energy.,Cinematic dark fantasy: A glass vial containing a swirling black mist that seems to consume light.,icon format for role playing game item (160x160). cartoon realism,"Cinematic dark fantasy: A glass vial containing a swirling black mist that seems to consume light.

icon format for role playing game item (160x160). cartoon realism",,
emerald_seed,item_119,3,Emerald Seed,Semilla de esmeralda,Smaragdsamen,Graine d'émeraude,Material,3,0,0,0,Growth,A gem that pulses with nature.,Cinematic dark fantasy: A vibrant green seed-shaped emerald glowing with vine-like patterns.,icon format for role playing game item (160x160). cartoon realism,"Cinematic dark fantasy: A vibrant green seed-shaped emerald glowing with vine-like patterns.

icon format for role playing game item (160x160). cartoon realism",,
oak_staff,item_120,3,Oak Staff,Bastón de roble,Eichenstab,Bâton de chêne,Weapon,3,0,14,2,Magic,A sturdy branch of ancient oak.,Cinematic dark fantasy: A gnarled oak staff topped with a dim blue crystal.,icon format for role playing game item (160x160). cartoon realism,"Cinematic dark fantasy: A gnarled oak staff topped with a dim blue crystal.

icon format for role playing game item (160x160). cartoon realism",,
emerald_seed,item_121,3,Emerald Seed,Perla,Perle,Perle,Material,3,0,0,0,Regen,A pulsing green gem that feels alive.,"Cinematic dark fantasy: A faceted emerald in the shape of a seed, emitting a soft green aura.",icon format for role playing game item (160x160). cartoon realism,"Cinematic dark fantasy: A faceted emerald in the shape of a seed, emitting a soft green aura.

icon format for role playing game item (160x160). cartoon realism",,
pearl,item_122,3,Pearl,Seda,Seide,Soie,Material,3,0,0,0,Focus,A lustrous sea pearl containing deep echoes.,"Cinematic dark fantasy: A giant white pearl resting inside a jagged, salt-encrusted oyster shell.",icon format for role playing game item (160x160). cartoon realism,"Cinematic dark fantasy: A giant white pearl resting inside a jagged, salt-encrusted oyster shell.

icon format for role playing game item (160x160). cartoon realism",,
silk,item_123,3,Silk,Escarcha,Frost,Givre,Material,3,0,0,5,Soft,"Strong, shimmering threads from a giant spider.",Cinematic dark fantasy: A spool of silver-white silk that catches the light like liquid metal.,icon format for role playing game item (160x160). cartoon realism,"Cinematic dark fantasy: A spool of silver-white silk that catches the light like liquid metal.

icon format for role playing game item (160x160). cartoon realism",,
frost,item_124,3,Frost,Moneda antigua,Alte Münze,Pièce ancienne,Material,3,0,10,0,Freeze,A crystal of permanent ice that never melts.,Cinematic dark fantasy: A jagged shard of blue ice surrounded by a constant mist of cold.,icon format for role playing game item (160x160). cartoon realism,"Cinematic dark fantasy: A jagged shard of blue ice surrounded by a constant mist of cold.

icon format for role playing game item (160x160). cartoon realism",,
ancient_coin,item_125,3,Ancient Coin,Trampa,Falle,Piège,Treasure,3,0,0,0,Luck,A tarnished gold coin from a fallen empire.,"Cinematic dark fantasy: A heavy coin with a hole in the center, depicting a faceless king.",icon format for role playing game item (160x160). cartoon realism,"Cinematic dark fantasy: A heavy coin with a hole in the center, depicting a faceless king.

icon format for role playing game item (160x160). cartoon realism",,
trap,item_126,3,Trap,Mineral,Erz,Minerai,Trap,3,0,15,0,Damage,A concealed pressure plate with rusted spikes.,"Cinematic dark fantasy: A stone slab slightly raised from the floor, hiding mechanical iron jaws.",icon format for role playing game item (160x160). cartoon realism,"Cinematic dark fantasy: A stone slab slightly raised from the floor, hiding mechanical iron jaws.

icon format for role playing game item (160x160). cartoon realism",,
ore,item_127,3,Ore,Glándula de veneno,Giftdrüse,Glande à venin,Material,3,0,0,10,Tough,Raw iron ore flecked with strange minerals.,Cinematic dark fantasy: A chunk of dark rock with veins of glowing orange metal.,icon format for role playing game item (160x160). cartoon realism,"Cinematic dark fantasy: A chunk of dark rock with veins of glowing orange metal.

icon format for role playing game item (160x160). cartoon realism",,
poison_gland,item_128,4,Poison Gland,Venda dorada,Goldene Bandage,Bandage doré,Material,3,0,15,0,Toxin,A swollen organ harvested from a venomous creature.,"Cinematic dark fantasy: A pulsating, translucent sac filled with bright green fluid.",icon format for role playing game item (160x160). cartoon realism,"Cinematic dark fantasy: A pulsating, translucent sac filled with bright green fluid.

icon format for role playing game item (160x160). cartoon realism",,
golden_bandage,item_129,4,Golden Bandage,Reloj de arena,Sandglas,Sablier,Consumable,3,40,0,0,Mend,A silk bandage woven with gold threads.,Cinematic dark fantasy: A roll of fine white fabric shimmering with gold embroidery.,icon format for role playing game item (160x160). cartoon realism,"Cinematic dark fantasy: A roll of fine white fabric shimmering with gold embroidery.

icon format for role playing game item (160x160). cartoon realism",,
sand_glass,item_130,4,Sand Glass,Caparazón,Panzer,Carapace,Utility,3,0,0,0,Slow,An hourglass filled with shifting desert sand.,Cinematic dark fantasy: An ornate brass hourglass where the sand flows upwards.,icon format for role playing game item (160x160). cartoon realism,"Cinematic dark fantasy: An ornate brass hourglass where the sand flows upwards.

icon format for role playing game item (160x160). cartoon realism",,
carapace,item_131,4,Carapace,Carne podrida,Verrottetes Fleisch,Chair putréfiée,Armour,3,0,0,12,Hard,The outer shell of a giant desert beetle.,"Cinematic dark fantasy: A curved plate of iridescent black chitin, incredibly light but strong.",icon format for role playing game item (160x160). cartoon realism,"Cinematic dark fantasy: A curved plate of iridescent black chitin, incredibly light but strong.

icon format for role playing game item (160x160). cartoon realism",,
rotten_flesh,item_132,4,Rotten Flesh,Cristal de sal,Salzkristall,Cristal de sel,Trap,3,0,0,0,Sickness,Decaying meat that attracts flies and disease.,"Cinematic dark fantasy: A pile of grey, dripping meat crawling with necro-parasites.",icon format for role playing game item (160x160). cartoon realism,"Cinematic dark fantasy: A pile of grey, dripping meat crawling with necro-parasites.

icon format for role playing game item (160x160). cartoon realism",,
salt_crystal,item_133,4,Salt Crystal,Fragmento de vidrio,Glassplitter,Éclat de verre,Material,3,0,0,5,Pure,A large cube of translucent rock salt.,Cinematic dark fantasy: A jagged white crystal that hums with a faint purifying energy.,icon format for role playing game item (160x160). cartoon realism,"Cinematic dark fantasy: A jagged white crystal that hums with a faint purifying energy.

icon format for role playing game item (160x160). cartoon realism",,
glass_shard,item_134,4,Glass Shard,Turba,Torf,Tourbe,Weapon,3,0,12,0,Bleed,A jagged piece of volcanic glass.,"Cinematic dark fantasy: A long, razor-sharp sliver of obsidian reflecting a blood-red light.",icon format for role playing game item (160x160). cartoon realism,"Cinematic dark fantasy: A long, razor-sharp sliver of obsidian reflecting a blood-red light.

icon format for role playing game item (160x160). cartoon realism",,
peat,item_135,4,Peat,Polvo de luz,Lichtstaub,Poussière de lumière,Material,3,0,0,0,Fuel,Dried swamp earth that burns slowly.,"Cinematic dark fantasy: A dense, dark brick of compressed moss and soil.",icon format for role playing game item (160x160). cartoon realism,"Cinematic dark fantasy: A dense, dark brick of compressed moss and soil.

icon format for role playing game item (160x160). cartoon realism",,
light_dust,item_136,4,Light Dust,Vapor,Dampf,Vapeur,Material,3,0,0,0,Blind,Sparkling powder from a light-sprite.,Cinematic dark fantasy: A small pouch leaking brilliant white particles that float upwards.,icon format for role playing game item (160x160). cartoon realism,"Cinematic dark fantasy: A small pouch leaking brilliant white particles that float upwards.

icon format for role playing game item (160x160). cartoon realism",,
vapor,item_137,5,Vapor,Vial de sangre,Blutfläschchen,Fiole de sang,Material,3,0,0,0,Mist,A bottled cloud of ethereal gas.,Cinematic dark fantasy: A glass orb filled with swirling violet smoke.,icon format for role playing game item (160x160). cartoon realism,"Cinematic dark fantasy: A glass orb filled with swirling violet smoke.

icon format for role playing game item (160x160). cartoon realism",,
blood_vial,item_138,5,Blood Vial,Clavo oxidado,Rostiger Nagel,Clou rouillé,Material,3,0,5,0,Sanguine,A vial of concentrated essence.,"Cinematic dark fantasy: A crystal vial filled with thick, dark red liquid that never settles.",icon format for role playing game item (160x160). cartoon realism,"Cinematic dark fantasy: A crystal vial filled with thick, dark red liquid that never settles.

icon format for role playing game item (160x160). cartoon realism",,
rusty_nail,item_139,5,Rusty Nail,Limo,Schleim,Vase,Weapon,3,0,6,0,Infection,"A long, bent iron nail covered in grime.",Cinematic dark fantasy: A corroded iron spike resting on a bed of old bandages.,icon format for role playing game item (160x160). cartoon realism,"Cinematic dark fantasy: A corroded iron spike resting on a bed of old bandages.

icon format for role playing game item (160x160). cartoon realism",,
slime,item_140,5,Slime,Probóscide,Rüssel,Trompe,Material,3,0,0,0,Sticky,Gooey residue from a dungeon crawler.,Cinematic dark fantasy: A dollop of neon green sludge that slowly dissolves wood.,icon format for role playing game item (160x160). cartoon realism,"Cinematic dark fantasy: A dollop of neon green sludge that slowly dissolves wood.

icon format for role playing game item (160x160). cartoon realism",,
proboscis,item_141,5,Proboscis,Vial de veneno,Giftfläschchen,Fiole de venin,Weapon,3,0,10,0,Drain,The hollow needle-beak of a giant mosquito.,"Cinematic dark fantasy: A long, serrated chitinous tube dripping with dark fluid.",icon format for role playing game item (160x160). cartoon realism,"Cinematic dark fantasy: A long, serrated chitinous tube dripping with dark fluid.

icon format for role playing game item (160x160). cartoon realism",,
venom_vial,item_142,5,Venom Vial,Cimitarra,Krummsäbel,Cimeterre,Consumable,4,0,18,0,Poison,Potent toxin from a forest beast.,Cinematic dark fantasy: A small vial filled with viscous glowing purple liquid.,icon format for role playing game item (160x160). cartoon realism,"Cinematic dark fantasy: A small vial filled with viscous glowing purple liquid.

icon format for role playing game item (160x160). cartoon realism",,
scimitar,item_143,5,Scimitar,Casco de latón,Messinghelm,Casque en laiton,Weapon,4,0,22,0,Quick,A curved blade from the dunes.,Cinematic dark fantasy: A sharp curved scimitar with an obsidian hilt and gold filigree.,icon format for role playing game item (160x160). cartoon realism,"Cinematic dark fantasy: A sharp curved scimitar with an obsidian hilt and gold filigree.

icon format for role playing game item (160x160). cartoon realism",,
brass_helmet,item_144,5,Brass Helmet,Hierro pesado,Schwereisen,Fer lourd,Armour,4,0,0,15,Protect,A shining brass headpiece.,Cinematic dark fantasy: A polished brass helmet with a red horsehair crest.,icon format for role playing game item (160x160). cartoon realism,"Cinematic dark fantasy: A polished brass helmet with a red horsehair crest.

icon format for role playing game item (160x160). cartoon realism",,
heavy_iron,item_145,5,Heavy Iron,Tinta de neón,Neon-Tinte,Encre néon,Armour,4,0,0,20,Sturdy,Unrefined blocks of dense metal.,"Cinematic dark fantasy: Overlapping plates of crude, dark iron hammered together.",icon format for role playing game item (160x160). cartoon realism,"Cinematic dark fantasy: Overlapping plates of crude, dark iron hammered together.

icon format for role playing game item (160x160). cartoon realism",,
neon_ink,item_146,6,Neon Ink,Doblón de oro,Golddublone,Doublon d'or,Material,4,0,0,0,Glow,Glowing fluid extracted from deep-sea creatures.,Cinematic dark fantasy: A jar of ink that illuminates the shadows with a ghostly blue light.,icon format for role playing game item (160x160). cartoon realism,"Cinematic dark fantasy: A jar of ink that illuminates the shadows with a ghostly blue light.

icon format for role playing game item (160x160). cartoon realism",,
gold_doubloon,item_147,6,Gold Doubloon,Aceite de ballena,Walöl,Huile de baleine,Treasure,4,0,0,0,Greed,A heavy gold coin with a pirate's curse.,Cinematic dark fantasy: A scratched gold coin showing a skull wearing a crown.,icon format for role playing game item (160x160). cartoon realism,"Cinematic dark fantasy: A scratched gold coin showing a skull wearing a crown.

icon format for role playing game item (160x160). cartoon realism",,
whale_oil,item_148,6,Whale Oil,Azufre,Schwefel,Soufre,Utility,4,0,0,0,Burn,"Refined fat that burns with a hot, blue flame.","Cinematic dark fantasy: A sealed ceramic jug with a wick, smelling of the deep sea.",icon format for role playing game item (160x160). cartoon realism,"Cinematic dark fantasy: A sealed ceramic jug with a wick, smelling of the deep sea.

icon format for role playing game item (160x160). cartoon realism",,
sulfur,item_149,6,Sulfur,Esencia de eco,Echoessenz,Essence d'écho,Material,4,0,8,0,Explode,Yellow mineral that smells of brimstone.,Cinematic dark fantasy: A pile of bright yellow powder with small crackling embers.,icon format for role playing game item (160x160). cartoon realism,"Cinematic dark fantasy: A pile of bright yellow powder with small crackling embers.

icon format for role playing game item (160x160). cartoon realism",,
echo_essence,item_150,6,Echo Essence,Biolámpara,Biolampe,Biolampe,Material,4,0,0,0,Recall,The captured sound of a dying shout.,Cinematic dark fantasy: A swirling blue mist inside a bottle that vibrates constantly.,icon format for role playing game item (160x160). cartoon realism,"Cinematic dark fantasy: A swirling blue mist inside a bottle that vibrates constantly.

icon format for role playing game item (160x160). cartoon realism",,
biolamp,item_151,6,Biolamp,Gel eléctrico,Elektrisches Gel,Gel électrique,Utility,4,0,0,0,Vision,A living lantern containing glowing moss.,Cinematic dark fantasy: A glass cage with a cluster of luminescent green mushrooms.,icon format for role playing game item (160x160). cartoon realism,"Cinematic dark fantasy: A glass cage with a cluster of luminescent green mushrooms.

icon format for role playing game item (160x160). cartoon realism",,
electric_gel,item_152,6,Electric Gel,Punta de tridente,Dreizackspitze,Pointe de trident,Material,4,0,15,0,Shock,Pulsing jelly from an abyssal eel.,Cinematic dark fantasy: A glob of translucent blue slime with visible lightning arcs.,icon format for role playing game item (160x160). cartoon realism,"Cinematic dark fantasy: A glob of translucent blue slime with visible lightning arcs.

icon format for role playing game item (160x160). cartoon realism",,
trident_tip,item_153,6,Trident Tip,Lágrima del océano,Ozeanträne,Larme de l'océan,Weapon,4,0,18,0,Pierce,The broken prong of a sea-god's weapon.,Cinematic dark fantasy: A jagged bronze spike covered in barnacles and sea-salt.,icon format for role playing game item (160x160). cartoon realism,"Cinematic dark fantasy: A jagged bronze spike covered in barnacles and sea-salt.

icon format for role playing game item (160x160). cartoon realism",,
ocean_tear,item_154,6,Ocean Tear,Polvo de azufre,Schwefelstaub,Poussière de soufre,Treasure,4,0,0,0,Depth,A sapphire that contains the weight of the sea.,Cinematic dark fantasy: A deep blue gemstone that drips water even when dry.,icon format for role playing game item (160x160). cartoon realism,"Cinematic dark fantasy: A deep blue gemstone that drips water even when dry.

icon format for role playing game item (160x160). cartoon realism",,
sulfur_dust,item_155,7,Sulfur Dust,Hojas afiladas,Geschärfte Klingen,Lames affûtées,Material,4,0,12,0,Boom,Highly reactive yellow powder.,Cinematic dark fantasy: A spilled pouch of yellow dust with small puffs of smoke.,icon format for role playing game item (160x160). cartoon realism,"Cinematic dark fantasy: A spilled pouch of yellow dust with small puffs of smoke.

icon format for role playing game item (160x160). cartoon realism",,
sharpened_blades,item_156,7,Sharpened Blades,Sello de la ciudad,Stadtsiegel,Sceau de la ville,Utility,4,0,10,0,Slay,A kit for maintaining weapon edges.,"Cinematic dark fantasy: A leather roll with whetstones, oil, and various polishing cloths.",icon format for role playing game item (160x160). cartoon realism,"Cinematic dark fantasy: A leather roll with whetstones, oil, and various polishing cloths.

icon format for role playing game item (160x160). cartoon realism",,
town_seal,item_157,7,Town Seal,Agua bendita,Weihwasser,Eau bénite,Utility,4,0,0,0,Authority,A wax stamp used for official business.,Cinematic dark fantasy: A heavy gold signet with a crest depicting a walled city.,icon format for role playing game item (160x160). cartoon realism,"Cinematic dark fantasy: A heavy gold signet with a crest depicting a walled city.

icon format for role playing game item (160x160). cartoon realism",,
holy_water,item_158,7,Holy Water,Mapa antiguo,Alte Karte,Vieille carte,Consumable,4,30,0,0,Purify,Water blessed by a high priest.,"Cinematic dark fantasy: A crystal flask containing glowing, silver-flecked liquid.",icon format for role playing game item (160x160). cartoon realism,"Cinematic dark fantasy: A crystal flask containing glowing, silver-flecked liquid.

icon format for role playing game item (160x160). cartoon realism",,
old_map,item_159,7,Old Map,Escudo de hierro,Eisenschild,Bouclier de fer,Utility,4,0,0,0,Guide,A parchment showing hidden dungeon paths.,Cinematic dark fantasy: A yellowed scroll with hand-drawn ink and blood stains.,icon format for role playing game item (160x160). cartoon realism,"Cinematic dark fantasy: A yellowed scroll with hand-drawn ink and blood stains.

icon format for role playing game item (160x160). cartoon realism",,
iron_shield,item_160,7,Iron Shield,Moneda extraña,Seltsame Münze,Pièce étrange,Shield,4,0,0,15,Block,A standard-issue soldier's shield.,Cinematic dark fantasy: A heavy rectangular shield with a central iron boss.,icon format for role playing game item (160x160). cartoon realism,"Cinematic dark fantasy: A heavy rectangular shield with a central iron boss.

icon format for role playing game item (160x160). cartoon realism",,
strange_coin,item_161,7,Strange Coin,Esencia lunar,Mondessenz,Essence de lune,Treasure,4,0,0,0,Mystery,A coin with symbols from no known nation.,Cinematic dark fantasy: A black metal coin that feels warm to the touch.,icon format for role playing game item (160x160). cartoon realism,"Cinematic dark fantasy: A black metal coin that feels warm to the touch.

icon format for role playing game item (160x160). cartoon realism",,
moon_essence,item_162,7,Moon Essence,Hierba curativa,Heilkraut,Herbe médicinale,Material,4,0,0,0,Night,Captured light from a full moon.,Cinematic dark fantasy: A bottle filled with liquid silver that glows softly.,icon format for role playing game item (160x160). cartoon realism,"Cinematic dark fantasy: A bottle filled with liquid silver that glows softly.

icon format for role playing game item (160x160). cartoon realism",,
healing_herb,item_163,7,Healing Herb,Hiedra venenosa,Giftefeu,Lierre vénéneux,Consumable,4,20,0,0,Heal,Wild leaves with medicinal properties.,Cinematic dark fantasy: A bundle of dried green leaves tied with a leather cord.,icon format for role playing game item (160x160). cartoon realism,"Cinematic dark fantasy: A bundle of dried green leaves tied with a leather cord.

icon format for role playing game item (160x160). cartoon realism",,
poison_ivy,item_164,8,Poison Ivy,Hacha de mano,Handbeil,Hachette,Trap,4,0,0,0,Itch,Vines that cause painful rashes and fever.,"Cinematic dark fantasy: A cluster of shiny green leaves with red, pulsating veins.",icon format for role playing game item (160x160). cartoon realism,"Cinematic dark fantasy: A cluster of shiny green leaves with red, pulsating veins.

icon format for role playing game item (160x160). cartoon realism",,
hand_axe,item_165,8,Hand Axe,Haz de flechas,Pfeilbündel,Paquet de flèches,Weapon,4,0,15,0,Cleave,"A small, balanced axe for throwing or chopping.","Cinematic dark fantasy: A short wooden handle with a heavy, crescent-shaped iron blade.",icon format for role playing game item (160x160). cartoon realism,"Cinematic dark fantasy: A short wooden handle with a heavy, crescent-shaped iron blade.

icon format for role playing game item (160x160). cartoon realism",,
arrow_bundle,item_166,8,Arrow Bundle,Pata de conejo de la suerte,Glückshasenpfote,Patte de lapin chanceuse,Weapon,4,0,12,0,Ranged,"A quiver of sharp, fletched arrows.",Cinematic dark fantasy: A leather quiver filled with arrows tipped in obsidian.,icon format for role playing game item (160x160). cartoon realism,"Cinematic dark fantasy: A leather quiver filled with arrows tipped in obsidian.

icon format for role playing game item (160x160). cartoon realism",,
lucky_rabbit_foot,item_167,8,Lucky Rabbit Foot,Polvo de hadas,Feenstaub,Poussière de fée,Utility,4,0,0,0,Luck,A charm that wards off misfortune.,"Cinematic dark fantasy: A small, soft white paw on a silver chain.",icon format for role playing game item (160x160). cartoon realism,"Cinematic dark fantasy: A small, soft white paw on a silver chain.

icon format for role playing game item (160x160). cartoon realism",,
fairy_dust,item_168,8,Fairy Dust,Carne seca,Trockenfleisch,Viande séchée,Material,4,0,0,0,Magic,Sparkling powder from the fey wild.,Cinematic dark fantasy: A glowing pouch that leaks rainbow-colored light.,icon format for role playing game item (160x160). cartoon realism,"Cinematic dark fantasy: A glowing pouch that leaks rainbow-colored light.

icon format for role playing game item (160x160). cartoon realism",,
dried_meat,item_169,8,Dried Meat,Brújula antigua,Alter Kompass,Vieux compas,Consumable,4,15,0,0,Restore,Salty rations for long journeys.,"Cinematic dark fantasy: Strips of dark, cured meat wrapped in parchment.",icon format for role playing game item (160x160). cartoon realism,"Cinematic dark fantasy: Strips of dark, cured meat wrapped in parchment.

icon format for role playing game item (160x160). cartoon realism",,
old_compass,item_170,8,Old Compass,Garrote gigante,Riesenkeule,Gourdin géant,Utility,4,0,0,0,Path,A navigation tool that flickers in magic fields.,Cinematic dark fantasy: A brass pocket-watch case containing a spinning needle.,icon format for role playing game item (160x160). cartoon realism,"Cinematic dark fantasy: A brass pocket-watch case containing a spinning needle.

icon format for role playing game item (160x160). cartoon realism",,
giant_club,item_171,8,Giant Club,Fragmento de hielo,Eissplitter,Éclat de glace,Weapon,4,0,25,0,Smash,A massive tree limb used as a bludgeon.,Cinematic dark fantasy: A gnarled wood trunk studded with rusted iron spikes.,icon format for role playing game item (160x160). cartoon realism,"Cinematic dark fantasy: A gnarled wood trunk studded with rusted iron spikes.

icon format for role playing game item (160x160). cartoon realism",,
ice_shard,item_172,8,Ice Shard,Pico de escalada,Kletterpickel,Piolet d'escalade,Weapon,4,0,18,0,Chill,A projectile made of eternal frost.,Cinematic dark fantasy: A floating icicle that radiates a constant freezing aura.,icon format for role playing game item (160x160). cartoon realism,"Cinematic dark fantasy: A floating icicle that radiates a constant freezing aura.

icon format for role playing game item (160x160). cartoon realism",,
climbing_pick,item_173,9,Climbing Pick,Mineral de plata,Silbererz,Minerai d'argent,Utility,4,0,8,0,Scale,A tool for ascending steep rock faces.,"Cinematic dark fantasy: A small iron hammer with a curved, sharp beak.",icon format for role playing game item (160x160). cartoon realism,"Cinematic dark fantasy: A small iron hammer with a curved, sharp beak.

icon format for role playing game item (160x160). cartoon realism",,
silver_ore,item_174,9,Silver Ore,Odre,Trinkschlauch,Outre,Material,4,0,0,5,Purity,Rare metal that harms the undead.,Cinematic dark fantasy: A rock with shining silver veins that pulse with white light.,icon format for role playing game item (160x160). cartoon realism,"Cinematic dark fantasy: A rock with shining silver veins that pulse with white light.

icon format for role playing game item (160x160). cartoon realism",,
waterskin,item_175,9,Waterskin,Lupa,Vergrößerungsglas,Loupe,Consumable,4,10,0,0,Hydrate,A leather bag for carrying fresh water.,Cinematic dark fantasy: A swollen animal-hide bag with a wooden stopper.,icon format for role playing game item (160x160). cartoon realism,"Cinematic dark fantasy: A swollen animal-hide bag with a wooden stopper.

icon format for role playing game item (160x160). cartoon realism",,
magnifying_glass,item_176,9,Magnifying Glass,Vela de seda,Seidensegel,Voile de soie,Utility,4,0,0,0,Search,A lens for inspecting fine details.,Cinematic dark fantasy: A thick glass circle held in an ornate bronze frame.,icon format for role playing game item (160x160). cartoon realism,"Cinematic dark fantasy: A thick glass circle held in an ornate bronze frame.

icon format for role playing game item (160x160). cartoon realism",,
silk_sail,item_177,9,Silk Sail,Tarro de dientes,Gefäß mit Zähnen,Bocal de dents,Utility,4,0,0,0,Swift,Lightweight fabric for fast travel.,Cinematic dark fantasy: A massive sheet of shimmering white silk catching the wind.,icon format for role playing game item (160x160). cartoon realism,"Cinematic dark fantasy: A massive sheet of shimmering white silk catching the wind.

icon format for role playing game item (160x160). cartoon realism",,
jar_of_teeth,item_178,9,Jar of Teeth,Brebaje de bruja,Hexengebräu,Potion de sorcière,Material,4,0,12,0,Bite,A collection of fangs from various monsters.,Cinematic dark fantasy: A glass jar filled with yellowed teeth that occasionally rattle.,icon format for role playing game item (160x160). cartoon realism,"Cinematic dark fantasy: A glass jar filled with yellowed teeth that occasionally rattle.

icon format for role playing game item (160x160). cartoon realism",,
witch_brew,item_179,9,Witch Brew,Bagre,Wels,Poisson-chat,Consumable,4,25,0,0,Random,A bubbling cauldron of unknown effects.,"Cinematic dark fantasy: A wooden bowl filled with a thick, purple soup emitting green sparks.",icon format for role playing game item (160x160). cartoon realism,"Cinematic dark fantasy: A wooden bowl filled with a thick, purple soup emitting green sparks.

icon format for role playing game item (160x160). cartoon realism",,
catfish,item_180,9,Catfish,Escudo de nenúfar,Seerosenblattschild,Bouclier de nénuphar,Consumable,4,8,0,0,Slippery,A muddy fish found in dungeon ponds.,"Cinematic dark fantasy: A large, grey fish covered in thick, iridescent slime.",icon format for role playing game item (160x160). cartoon realism,"Cinematic dark fantasy: A large, grey fish covered in thick, iridescent slime.

icon format for role playing game item (160x160). cartoon realism",,
lily_pad_shield,item_181,9,Lily Pad Shield,Capa de musgo,Moosmantel,Cape de mousse,Shield,4,0,0,8,Float,A dried plant that is surprisingly tough.,"Cinematic dark fantasy: A massive, circular green leaf reinforced with leather straps.",icon format for role playing game item (160x160). cartoon realism,"Cinematic dark fantasy: A massive, circular green leaf reinforced with leather straps.

icon format for role playing game item (160x160). cartoon realism",,
moss_cloak,item_182,10,Moss Cloak,Banjo,Banjo,Banjo,Armour,4,0,0,10,Camouflage,A mantle woven from living forest moss.,Cinematic dark fantasy: A green-and-brown cloak that seems to blend into the shadows.,icon format for role playing game item (160x160). cartoon realism,"Cinematic dark fantasy: A green-and-brown cloak that seems to blend into the shadows.

icon format for role playing game item (160x160). cartoon realism",,
banjo,item_183,10,Banjo,Medalla oxidada,Rostige Medaille,Médaille rouillée,Utility,4,0,0,0,Music,A stringed instrument for upbeat tunes.,Cinematic dark fantasy: A circular wooden body with a stretched skin and five strings.,icon format for role playing game item (160x160). cartoon realism,"Cinematic dark fantasy: A circular wooden body with a stretched skin and five strings.

icon format for role playing game item (160x160). cartoon realism",,
rusty_medal,item_184,10,Rusty Medal,Bomba de gas,Gasbombe,Bombe à gaz,Treasure,4,0,0,5,Honor,A decoration for a long-dead soldier.,Cinematic dark fantasy: A star-shaped bronze medal hanging from a tattered red ribbon.,icon format for role playing game item (160x160). cartoon realism,"Cinematic dark fantasy: A star-shaped bronze medal hanging from a tattered red ribbon.

icon format for role playing game item (160x160). cartoon realism",,
gas_bomb,item_185,10,Gas Bomb,Concha marina,Meeresmuschel,Coquillage,Weapon,4,0,20,0,Choke,A ceramic pot filled with noxious gas.,Cinematic dark fantasy: A round clay vessel with a lit fuse leaking green smoke.,icon format for role playing game item (160x160). cartoon realism,"Cinematic dark fantasy: A round clay vessel with a lit fuse leaking green smoke.

icon format for role playing game item (160x160). cartoon realism",,
sea_shell,item_186,10,Sea Shell,Tridente,Dreizack,Trident,Treasure,4,0,0,0,Echo,A beautiful spiral from the deep ocean.,Cinematic dark fantasy: A giant pink conch shell that hums with the sound of waves.,icon format for role playing game item (160x160). cartoon realism,"Cinematic dark fantasy: A giant pink conch shell that hums with the sound of waves.

icon format for role playing game item (160x160). cartoon realism",,
trident,item_187,10,Trident,Perla negra,Schwarze Perle,Perle noire,Weapon,4,0,22,0,Pierce,A three-pronged spear for fishing or war.,Cinematic dark fantasy: A long wooden shaft topped with a polished steel trident.,icon format for role playing game item (160x160). cartoon realism,"Cinematic dark fantasy: A long wooden shaft topped with a polished steel trident.

icon format for role playing game item (160x160). cartoon realism",,
black_pearl,item_188,10,Black Pearl,Llave inglesa,Schraubenschlüssel,Clé,Treasure,4,0,0,0,Wealth,A rare gem found only in the deepest trenches.,Cinematic dark fantasy: A perfect black sphere that reflects no light.,icon format for role playing game item (160x160). cartoon realism,"Cinematic dark fantasy: A perfect black sphere that reflects no light.

icon format for role playing game item (160x160). cartoon realism",,
wrench,item_189,10,Wrench,Poción de algas,Kelptrank,Potion de varech,Utility,4,0,10,0,Fix,A heavy tool for mechanical repairs.,Cinematic dark fantasy: A massive iron tool with adjustable jaws and a long handle.,icon format for role playing game item (160x160). cartoon realism,"Cinematic dark fantasy: A massive iron tool with adjustable jaws and a long handle.

icon format for role playing game item (160x160). cartoon realism",,
kelp_potion,item_190,10,Kelp Potion,Diario mojado,Nasses Journal,Journal mouillé,Consumable,4,12,0,0,Amphibian,A brew that allows breathing underwater.,"Cinematic dark fantasy: A green, salty liquid filled with small pieces of seaweed.",icon format for role playing game item (160x160). cartoon realism,"Cinematic dark fantasy: A green, salty liquid filled with small pieces of seaweed.

icon format for role playing game item (160x160). cartoon realism",,
wet_journal,item_191,11,Wet Journal,Gel brillante,Leuchtgel,Gel luisant,Utility,4,0,0,0,History,A book salvaged from a sunken wreck.,Cinematic dark fantasy: A leather-bound volume dripping with salt-water and ink.,icon format for role playing game item (160x160). cartoon realism,"Cinematic dark fantasy: A leather-bound volume dripping with salt-water and ink.

icon format for role playing game item (160x160). cartoon realism",,
glow_gel,item_192,11,Glow Gel,Esencia del vacío,Leerenessenz,Essence du vide,Material,4,0,0,0,Luminescent,"A jar of thick, glowing jelly.",Cinematic dark fantasy: A glass jar filled with neon blue goo that lights up the dark.,icon format for role playing game item (160x160). cartoon realism,"Cinematic dark fantasy: A glass jar filled with neon blue goo that lights up the dark.

icon format for role playing game item (160x160). cartoon realism",,
void_essence,item_193,11,Void Essence,Escama de naga,Nagaschuppe,Écaille de naga,Material,5,0,28,0,Curse,Pure darkness from the abyss.,Cinematic dark fantasy: A floating orb of crackling violet energy and shadow.,icon format for role playing game item (160x160). cartoon realism,"Cinematic dark fantasy: A floating orb of crackling violet energy and shadow.

icon format for role playing game item (160x160). cartoon realism",,
naga_scale,item_194,11,Naga Scale,Hoja del eco,Echoklinge,Lame d'écho,Material,5,5,0,18,Water,A shimmering iridescent scale.,Cinematic dark fantasy: A large sapphire-colored scale with a pearlescent sheen.,icon format for role playing game item (160x160). cartoon realism,"Cinematic dark fantasy: A large sapphire-colored scale with a pearlescent sheen.

icon format for role playing game item (160x160). cartoon realism",,
echo_blade,item_195,11,Echo Blade,Pergamino del vacío,Leerenschriftrolle,Parchemin du vide,Weapon,5,0,26,0,Double,A sword that vibrates when swung.,Cinematic dark fantasy: A translucent blue blade that leaves after-images behind it.,icon format for role playing game item (160x160). cartoon realism,"Cinematic dark fantasy: A translucent blue blade that leaves after-images behind it.

icon format for role playing game item (160x160). cartoon realism",,
void_scroll,item_196,11,Void Scroll,Esencia mental,Geistessenz,Essence d'esprit,Material,5,0,25,0,Erase,Parchment that consumes any ink written on it.,Cinematic dark fantasy: A roll of black paper that seems to absorb all nearby light.,icon format for role playing game item (160x160). cartoon realism,"Cinematic dark fantasy: A roll of black paper that seems to absorb all nearby light.

icon format for role playing game item (160x160). cartoon realism",,
mind_essence,item_197,11,Mind Essence,Llave maestra,Generalschlüssel,Passe-partout,Material,5,0,0,0,Focus,The psychic residue of a scholar.,Cinematic dark fantasy: A floating pink nebula contained within a silver headpiece.,icon format for role playing game item (160x160). cartoon realism,"Cinematic dark fantasy: A floating pink nebula contained within a silver headpiece.

icon format for role playing game item (160x160). cartoon realism",,
master_key,item_198,11,Master Key,Espejo oscuro,Dunkler Spiegel,Miroir sombre,Utility,5,0,0,0,Universal,A key that shifts its shape to fit any lock.,Cinematic dark fantasy: A liquid metal key that writhes in the user's hand.,icon format for role playing game item (160x160). cartoon realism,"Cinematic dark fantasy: A liquid metal key that writhes in the user's hand.

icon format for role playing game item (160x160). cartoon realism",,
dark_mirror,item_199,11,Dark Mirror,Datos corruptos,Korrupte Daten,Données corrompues,Utility,5,0,0,0,Reflect,A glass that shows the viewer's darkest fears.,Cinematic dark fantasy: A black hand-mirror with a frame made of twisted bone.,icon format for role playing game item (160x160). cartoon realism,"Cinematic dark fantasy: A black hand-mirror with a frame made of twisted bone.

icon format for role playing game item (160x160). cartoon realism",,
corrupt_data,item_200,12,Corrupt Data,Fragmento del vacío,Leerensplitter,Éclat du vide,Trap,5,0,20,0,Glitch,A fragment of reality that has begun to unravel.,Cinematic dark fantasy: A floating geometric shape that flickers and distorts the air.,icon format for role playing game item (160x160). cartoon realism,"Cinematic dark fantasy: A floating geometric shape that flickers and distorts the air.

icon format for role playing game item (160x160). cartoon realism",,
void_shard,item_201,12,Void Shard,Lengua amortiguada,Gedämpfte Zunge,Langue étouffée,Weapon,5,0,30,0,Annihilate,A sliver of the nothingness between worlds.,Cinematic dark fantasy: A jagged black crystal that leaves a trail of static in the air.,icon format for role playing game item (160x160). cartoon realism,"Cinematic dark fantasy: A jagged black crystal that leaves a trail of static in the air.

icon format for role playing game item (160x160). cartoon realism",,
muffled_tongue,item_202,12,Muffled Tongue,Fragmento de fuego,Feuersplitter,Éclat de feu,Utility,5,0,0,0,Silence,A dried tongue that prevents any sound from being made.,"Cinematic dark fantasy: A shriveled grey tongue resting in a small, velvet-lined box.",icon format for role playing game item (160x160). cartoon realism,"Cinematic dark fantasy: A shriveled grey tongue resting in a small, velvet-lined box.

icon format for role playing game item (160x160). cartoon realism",,
fire_shard,item_203,12,Fire Shard,Esencia de nube,Wolkenessenz,Essence de nuage,Material,5,0,20,0,Burn,A stone that remains perpetually on fire.,Cinematic dark fantasy: A glowing red ember that never turns to ash.,icon format for role playing game item (160x160). cartoon realism,"Cinematic dark fantasy: A glowing red ember that never turns to ash.

icon format for role playing game item (160x160). cartoon realism",,
cloud_essence,item_204,12,Cloud Essence,Hierro puro,Reineisen,Fer pur,Material,5,0,0,5,Light,Weightless gas from the highest peaks.,"Cinematic dark fantasy: A glass jar containing a miniature, lightning-filled storm cloud.",icon format for role playing game item (160x160). cartoon realism,"Cinematic dark fantasy: A glass jar containing a miniature, lightning-filled storm cloud.

icon format for role playing game item (160x160). cartoon realism",,
pure_iron,item_205,12,Pure Iron,Piel ardiente,Brennendes Fell,Peau brûlante,Material,5,0,0,25,Unbreakable,Metal refined to its absolute limit.,Cinematic dark fantasy: A bar of silver-white iron that rings like a bell when struck.,icon format for role playing game item (160x160). cartoon realism,"Cinematic dark fantasy: A bar of silver-white iron that rings like a bell when struck.

icon format for role playing game item (160x160). cartoon realism",,
burning_pelt,item_206,12,Burning Pelt,Escama de reptil,Reptilienschuppe,Écaille de reptile,Armour,5,0,5,15,Heat,A fur cloak that radiates intense warmth.,Cinematic dark fantasy: A thick wolf-skin cloak with embers smoldering at the edges.,icon format for role playing game item (160x160). cartoon realism,"Cinematic dark fantasy: A thick wolf-skin cloak with embers smoldering at the edges.

icon format for role playing game item (160x160). cartoon realism",,
reptile_scale,item_207,12,Reptile Scale,Fragmento de memoria,Erinnerungsfragment,Fragment de mémoire,Material,5,0,0,15,Durable,A single plate from a massive lizard.,"Cinematic dark fantasy: A thick, green-and-black scale as large as a man's head.",icon format for role playing game item (160x160). cartoon realism,"Cinematic dark fantasy: A thick, green-and-black scale as large as a man's head.

icon format for role playing game item (160x160). cartoon realism",,
memory_fragment,item_208,12,Memory Fragment,Reloj roto,Zerbrochene Uhr,Montre cassée,Utility,5,0,0,0,Past,A shimmering shard of a forgotten thought.,Cinematic dark fantasy: A floating crystalline sliver that shows a different face to everyone.,icon format for role playing game item (160x160). cartoon realism,"Cinematic dark fantasy: A floating crystalline sliver that shows a different face to everyone.

icon format for role playing game item (160x160). cartoon realism",,
broken_watch,item_209,13,Broken Watch,Placa de obsidiana,Obsidianplatte,Plaque d'obsidienne,Treasure,5,0,0,0,Time,A mechanical timepiece that has stopped.,Cinematic dark fantasy: A silver pocket watch with a cracked glass and rusted gears.,icon format for role playing game item (160x160). cartoon realism,"Cinematic dark fantasy: A silver pocket watch with a cracked glass and rusted gears.

icon format for role playing game item (160x160). cartoon realism",,
obsidian_plate,item_210,13,Obsidian Plate,Singularidad,Singularität,Singularité,Armour,6,0,0,28,Fireproof,Armour forged from volcanic glass.,Cinematic dark fantasy: A heavy chestplate made of overlapping plates of black volcanic glass.,icon format for role playing game item (160x160). cartoon realism,"Cinematic dark fantasy: A heavy chestplate made of overlapping plates of black volcanic glass.

icon format for role playing game item (160x160). cartoon realism",,
singularity,item_211,13,Singularity,Lágrima final,Letzte Träne,Larme finale,Utility,6,0,100,0,Void,A tiny point of infinite gravity.,Cinematic dark fantasy: A swirling black hole contained within a golden mechanical sphere.,icon format for role playing game item (160x160). cartoon realism,"Cinematic dark fantasy: A swirling black hole contained within a golden mechanical sphere.

icon format for role playing game item (160x160). cartoon realism",,
final_tear,item_212,13,Final Tear,Martillo de titán,Titanenhammer,Marteau de titan,Consumable,6,100,0,0,Life,The last drop of a dying god.,Cinematic dark fantasy: A single golden droplet hovering in mid-air radiating immense light.,icon format for role playing game item (160x160). cartoon realism,"Cinematic dark fantasy: A single golden droplet hovering in mid-air radiating immense light.

icon format for role playing game item (160x160). cartoon realism",,
titan_hammer,item_213,13,Titan Hammer,Núcleo fundido,Geschmolzener Kern,Noyau fondu,Weapon,6,0,45,0,Stun,A hammer far too large for mortals.,Cinematic dark fantasy: A colossal stone hammer engraved with lightning bolts and giant runes.,icon format for role playing game item (160x160). cartoon realism,"Cinematic dark fantasy: A colossal stone hammer engraved with lightning bolts and giant runes.

icon format for role playing game item (160x160). cartoon realism",,
molten_core,item_214,13,Molten Core,Corazón antiguo,Altes Herz,Cœur ancien,Material,6,0,25,0,Burn,The beating heart of a volcano.,Cinematic dark fantasy: A glowing sphere of liquid magma held together by magnetic stones.,icon format for role playing game item (160x160). cartoon realism,"Cinematic dark fantasy: A glowing sphere of liquid magma held together by magnetic stones.

icon format for role playing game item (160x160). cartoon realism",,
ancient_heart,item_215,13,Ancient Heart,Diamante,Diamant,Diamant,Material,6,50,0,10,Aura,A heart that still beats after eons.,Cinematic dark fantasy: A massive stone-encrusted heart pulsing with deep red light.,icon format for role playing game item (160x160). cartoon realism,"Cinematic dark fantasy: A massive stone-encrusted heart pulsing with deep red light.

icon format for role playing game item (160x160). cartoon realism",,
diamond,item_216,13,Diamond,Célula de energía,Energiezelle,Pile à combustible,Treasure,6,0,0,0,Wealth,A flawless gemstone of immense value.,"Cinematic dark fantasy: A massive, clear diamond that refracts light into rainbows.",icon format for role playing game item (160x160). cartoon realism,"Cinematic dark fantasy: A massive, clear diamond that refracts light into rainbows.

icon format for role playing game item (160x160). cartoon realism",,
power_cell,item_217,13,Power Cell,Sabiduría antigua,Alte Weisheit,Sagesse ancienne,Utility,6,0,0,0,Charge,An ancient device humming with lost energy.,Cinematic dark fantasy: A cylindrical metal tube with glowing blue lines and brass fittings.,icon format for role playing game item (160x160). cartoon realism,"Cinematic dark fantasy: A cylindrical metal tube with glowing blue lines and brass fittings.

icon format for role playing game item (160x160). cartoon realism",,
ancient_wisdom,item_218,14,Ancient Wisdom,Lámpara mágica,Zauberlampe,Lampe magique,Material,6,0,0,0,Mind,Forbidden knowledge from the first age.,Cinematic dark fantasy: A floating brain-like organ made of pure golden light.,icon format for role playing game item (160x160). cartoon realism,"Cinematic dark fantasy: A floating brain-like organ made of pure golden light.

icon format for role playing game item (160x160). cartoon realism",,
magic_lamp,item_219,14,Magic Lamp,Disco solar,Sonnenscheibe,Disque solaire,Utility,6,0,0,0,Wish,A vessel containing a trapped spirit.,Cinematic dark fantasy: An oil lamp made of blackened bronze that hums with power.,icon format for role playing game item (160x160). cartoon realism,"Cinematic dark fantasy: An oil lamp made of blackened bronze that hums with power.

icon format for role playing game item (160x160). cartoon realism",,
solar_disc,item_220,14,Solar Disc,Sello real,Königliches Siegel,Sceau royal,Utility,6,0,20,0,Sunlight,A gold plate that reflects the sun's power.,Cinematic dark fantasy: A perfectly circular gold disc that blinds anyone who looks at it.,icon format for role playing game item (160x160). cartoon realism,"Cinematic dark fantasy: A perfectly circular gold disc that blinds anyone who looks at it.

icon format for role playing game item (160x160). cartoon realism",,
royal_signet,item_221,14,Royal Signet,Vial de sanguijuelas,Blutegelfläschchen,Fiole de sangsues,Treasure,6,0,0,10,Command,A ring that signifies noble blood.,"Cinematic dark fantasy: A heavy gold ring set with a massive, blood-red ruby.",icon format for role playing game item (160x160). cartoon realism,"Cinematic dark fantasy: A heavy gold ring set with a massive, blood-red ruby.

icon format for role playing game item (160x160). cartoon realism",,
leech_vial,item_222,14,Leech Vial,Lingote de oro,Goldbarren,Lingot d'or,Utility,6,0,10,0,Drain,Medical tools for removing bad blood.,"Cinematic dark fantasy: A glass jar containing several fat, black leeches.",icon format for role playing game item (160x160). cartoon realism,"Cinematic dark fantasy: A glass jar containing several fat, black leeches.

icon format for role playing game item (160x160). cartoon realism",,
gold_bar,item_223,14,Gold Bar,Polvo de estrellas,Sternenstaub,Poussière d'étoiles,Treasure,6,0,0,0,Fortune,"A solid brick of pure, heavy gold.",Cinematic dark fantasy: A rectangular ingot of gold stamped with a royal seal.,icon format for role playing game item (160x160). cartoon realism,"Cinematic dark fantasy: A rectangular ingot of gold stamped with a royal seal.

icon format for role playing game item (160x160). cartoon realism",,
stardust,item_224,14,Stardust,Llave binaria,Binärschlüssel,Clé binaire,Material,6,0,0,0,Celestial,Powdered remains of a fallen star.,Cinematic dark fantasy: A velvet pouch containing sparkling gold and blue sand.,icon format for role playing game item (160x160). cartoon realism,"Cinematic dark fantasy: A velvet pouch containing sparkling gold and blue sand.

icon format for role playing game item (160x160). cartoon realism",,
binary_key,item_225,14,Binary Key,Tomo oscuro,Dunkler Band,Tome sombre,Utility,6,0,0,0,Digital,A strange artifact with shifting patterns.,Cinematic dark fantasy: A metal cube that pulses with green light and clicking sounds.,icon format for role playing game item (160x160). cartoon realism,"Cinematic dark fantasy: A metal cube that pulses with green light and clicking sounds.

icon format for role playing game item (160x160). cartoon realism",,
dark_tome,item_226,14,Dark Tome,Memoria robada,Gestohlene Erinnerung,Mémoire volée,Weapon,6,0,35,0,Curse,A book of spells that corrupts the reader.,Cinematic dark fantasy: A heavy volume bound in human skin and locked with iron chains.,icon format for role playing game item (160x160). cartoon realism,"Cinematic dark fantasy: A heavy volume bound in human skin and locked with iron chains.

icon format for role playing game item (160x160). cartoon realism",,
stolen_memory,item_227,15,Stolen Memory,Notas de laboratorio,Labornotizen,Notes de laboratoire,Utility,6,0,0,0,Secret,A jar containing a voice that isn't yours.,"Cinematic dark fantasy: A glass jar where a faint, ghostly face can be seen whispering.",icon format for role playing game item (160x160). cartoon realism,"Cinematic dark fantasy: A glass jar where a faint, ghostly face can be seen whispering.

icon format for role playing game item (160x160). cartoon realism",,
lab_notes,item_228,15,Lab Notes,Mineral de magma,Magmaerz,Minerai de magma,Utility,6,0,0,0,Experiment,Detailed records of forbidden science.,Cinematic dark fantasy: A stack of papers filled with sketches of monsters and strange formulas.,icon format for role playing game item (160x160). cartoon realism,"Cinematic dark fantasy: A stack of papers filled with sketches of monsters and strange formulas.

icon format for role playing game item (160x160). cartoon realism",,
magma_ore,item_229,15,Magma Ore,Manómetro de vapor,Dampfanzeige,Jauge de vapeur,Material,6,0,0,20,Heat,Rock that contains liquid fire.,"Cinematic dark fantasy: A jagged black stone with veins of glowing, liquid magma.",icon format for role playing game item (160x160). cartoon realism,"Cinematic dark fantasy: A jagged black stone with veins of glowing, liquid magma.

icon format for role playing game item (160x160). cartoon realism",,
steam_gauge,item_230,15,Steam Gauge,Tótem de fuego,Feuertotem,Totem de feu,Utility,6,0,0,0,Pressure,A dial for monitoring boiler systems.,Cinematic dark fantasy: A circular brass face with a needle and red warning zones.,icon format for role playing game item (160x160). cartoon realism,"Cinematic dark fantasy: A circular brass face with a needle and red warning zones.

icon format for role playing game item (160x160). cartoon realism",,
fire_totem,item_231,15,Fire Totem,Mapa térmico,Hitzekarte,Carte thermique,Utility,6,0,25,0,Flame,A wooden carving that summons fire.,Cinematic dark fantasy: A charred wooden figure of a phoenix with glowing amber eyes.,icon format for role playing game item (160x160). cartoon realism,"Cinematic dark fantasy: A charred wooden figure of a phoenix with glowing amber eyes.

icon format for role playing game item (160x160). cartoon realism",,
heat_map,item_232,15,Heat Map,Estatua de obsidiana,Obsidianstatue,Statue d'obsidienne,Utility,6,0,0,0,Survey,A parchment that shows thermal signatures.,Cinematic dark fantasy: A glowing orange map with shifting blobs of red and yellow.,icon format for role playing game item (160x160). cartoon realism,"Cinematic dark fantasy: A glowing orange map with shifting blobs of red and yellow.

icon format for role playing game item (160x160). cartoon realism",,
obsidian_statue,item_233,15,Obsidian Statue,Llave de calor,Hitzeschlüssel,Clé de chaleur,Treasure,6,0,0,25,Heavy,A heavy figure carved from volcanic glass.,Cinematic dark fantasy: A detailed carving of a dragon made of jet-black obsidian.,icon format for role playing game item (160x160). cartoon realism,"Cinematic dark fantasy: A detailed carving of a dragon made of jet-black obsidian.

icon format for role playing game item (160x160). cartoon realism",,
heat-wrench,item_234,15,Heat-Wrench,Abanico ardiente,Brennender Fächer,Éventail brûlant,Utility,6,0,15,0,Forge,A tool designed for high-temperature work.,Cinematic dark fantasy: A glowing red metal tool with an insulated leather handle.,icon format for role playing game item (160x160). cartoon realism,"Cinematic dark fantasy: A glowing red metal tool with an insulated leather handle.

icon format for role playing game item (160x160). cartoon realism",,
burning_fan,item_235,15,Burning Fan,Gema de azufre,Schwefeledelstein,Gemme de soufre,Weapon,6,0,18,0,Wind,A folding fan that throws waves of heat.,Cinematic dark fantasy: An ornate fan made of bronze slats that glow with fire.,icon format for role playing game item (160x160). cartoon realism,"Cinematic dark fantasy: An ornate fan made of bronze slats that glow with fire.

icon format for role playing game item (160x160). cartoon realism",,
sulfur_gem,item_236,16,Sulfur Gem,Látigo del capataz,Aufseherpeitsche,Fouet de surveillant,Treasure,6,0,0,0,Boom,A yellow gemstone that is highly unstable.,Cinematic dark fantasy: A faceted yellow crystal that smokes when exposed to air.,icon format for role playing game item (160x160). cartoon realism,"Cinematic dark fantasy: A faceted yellow crystal that smokes when exposed to air.

icon format for role playing game item (160x160). cartoon realism",,
overseer_whip,item_237,16,Overseer Whip,La Harpe,Die Harpe,La Harpe,Weapon,6,0,30,0,Pain,"A long, barbed whip used for control.",Cinematic dark fantasy: A leather whip braided with silver wire and jagged metal hooks.,icon format for role playing game item (160x160). cartoon realism,"Cinematic dark fantasy: A leather whip braided with silver wire and jagged metal hooks.

icon format for role playing game item (160x160). cartoon realism",,
the_harpe,item_301,16,The Harpe,La Égida,Die Aegis,L'Égide,Weapon,7,0,35,0,Bleed,"A curved adamantine sickle-sword, notched and rusted.","Cinematic dark fantasy: A curved adamantine sickle-sword, notched and rusted, leather-wrapped hilt, faint glowing Greek runes.",icon format for role playing game item (160x160). cartoon realism,"Cinematic dark fantasy: A curved adamantine sickle-sword, notched and rusted, leather-wrapped hilt, faint glowing Greek runes.

icon format for role playing game item (160x160). cartoon realism",,
the_aegis,item_302,16,The Aegis,Las Talaria,Die Talaria,Les Talaria,Shield,7,10,0,30,Reflect,A shimmering bronze shield with Medusa's face.,"Cinematic dark fantasy: Polished bronze circular shield, a smoky face of a woman with snakes for hair rippling under the surface.",icon format for role playing game item (160x160). cartoon realism,"Cinematic dark fantasy: Polished bronze circular shield, a smoky face of a woman with snakes for hair rippling under the surface.

icon format for role playing game item (160x160). cartoon realism",,
the_talaria,item_303,16,The Talaria,El Kibisis,Die Kibisis,La Kibisis,Utility,7,0,0,5,Haste,Winged sandals with golden light.,"Cinematic dark fantasy: Classic Greek sandals with three small wings on each heel, bursting with golden light sparks.",icon format for role playing game item (160x160). cartoon realism,"Cinematic dark fantasy: Classic Greek sandals with three small wings on each heel, bursting with golden light sparks.

icon format for role playing game item (160x160). cartoon realism",,
the_kibisis,item_304,16,The Kibisis,El Arca de Dánae,Die Arche der Danaë,L'Arche de Danaé,Utility,7,0,0,0,Infinite,A burlap bag with infinite storage.,"Cinematic dark fantasy: A simple burlap bag embroidered with gold threads in an Ouroboros pattern, glowing purple interior.",icon format for role playing game item (160x160). cartoon realism,"Cinematic dark fantasy: A simple burlap bag embroidered with gold threads in an Ouroboros pattern, glowing purple interior.

icon format for role playing game item (160x160). cartoon realism",,
the_ark_of_danae,item_305,16,The Ark of Danae,Ojo de las Grayas,Auge der Grauen,L'Œil des Grées,Utility,7,20,0,10,Protect,A weathered cedar chest with rusted iron bands.,"Cinematic dark fantasy: Weathered cedar chest, rusted iron bands, carvings of golden rain revealed beneath layers of rot.",icon format for role playing game item (160x160). cartoon realism,"Cinematic dark fantasy: Weathered cedar chest, rusted iron bands, carvings of golden rain revealed beneath layers of rot.

icon format for role playing game item (160x160). cartoon realism",,
eye_of_the_graeae,item_306,16,Eye of the Graeae,Lágrima de Medusa,Medusas Träne,Larme de Méduse,Utility,7,0,5,0,Reveal,A translucent stone that projects light.,"Cinematic dark fantasy: A cataract-clouded glass orb that projects a beam of pure white light, held in a bronze hand-mount.",icon format for role playing game item (160x160). cartoon realism,"Cinematic dark fantasy: A cataract-clouded glass orb that projects a beam of pure white light, held in a bronze hand-mount.

icon format for role playing game item (160x160). cartoon realism",,
medusa's_tear,item_307,16,Medusa's Tear,Fragmento de Atlas,Fragment von Atlas,Fragment d'Atlas,Material,7,0,20,0,Petrify,A teardrop-emerald in petrified skin.,"Cinematic dark fantasy: A teardrop-shaped emerald gemstone encased in petrified snakeskin, pulsing with green light.",icon format for role playing game item (160x160). cartoon realism,"Cinematic dark fantasy: A teardrop-shaped emerald gemstone encased in petrified snakeskin, pulsing with green light.

icon format for role playing game item (160x160). cartoon realism",,
fragment_of_atlas,item_309,17,Fragment of Atlas,Ancla de Dánae,Anker der Danaë,Ancre de Danaé,Material,7,0,40,0,Gravity,A jagged piece of black granite.,"Cinematic dark fantasy: A heavy jagged piece of black granite, humming with gravity, creating a small crater in the ground.",icon format for role playing game item (160x160). cartoon realism,"Cinematic dark fantasy: A heavy jagged piece of black granite, humming with gravity, creating a small crater in the ground.

icon format for role playing game item (160x160). cartoon realism",,
anchor_of_danae,item_310,17,Anchor of Danae,Casco de Oscuridad,Helm der Finsternis,Casque d'Obscurité,Utility,7,50,0,0,Regen,A bronze locket containing a braid of hair.,"Cinematic dark fantasy: Small bronze heart locket, containing a braid of golden hair, radiating soft warmth.",icon format for role playing game item (160x160). cartoon realism,"Cinematic dark fantasy: Small bronze heart locket, containing a braid of golden hair, radiating soft warmth.

icon format for role playing game item (160x160). cartoon realism",,
helm_of_darkness,item_311,17,Helm of Darkness,Cabeza de Medusa,Medusas Kopf,Tête de Méduse,Armour,7,0,0,25,Stealth,An obsidian-black helmet shimmering with smoke.,"Cinematic dark fantasy: Sleek obsidian helmet with a skull faceplate, edges of the helmet blurred as if phasing out of reality.",icon format for role playing game item (160x160). cartoon realism,"Cinematic dark fantasy: Sleek obsidian helmet with a skull faceplate, edges of the helmet blurred as if phasing out of reality.

icon format for role playing game item (160x160). cartoon realism",,
medusa's_head,item_312,17,Medusa's Head,Fragmento de Caduceo,Caduceus-Fragment,Fragment de Caducée,Weapon,7,0,50,0,Stun,Decapitated head with writhing serpents.,Cinematic dark fantasy: A burlap bundle that shows a glowing green eye and a writhing snake through a small tear.,icon format for role playing game item (160x160). cartoon realism,"Cinematic dark fantasy: A burlap bundle that shows a glowing green eye and a writhing snake through a small tear.

icon format for role playing game item (160x160). cartoon realism",,
caduceus_fragment,item_313,17,Caduceus Fragment,Punta de Tridente,Dreizackspitze,Pointe du Trident,Material,7,30,0,0,Heal,A golden staff fragment with silver serpents.,"Cinematic dark fantasy: A piece of a golden staff with two silver serpents coiled around it, glowing with healing energy.",icon format for role playing game item (160x160). cartoon realism,"Cinematic dark fantasy: A piece of a golden staff with two silver serpents coiled around it, glowing with healing energy.

icon format for role playing game item (160x160). cartoon realism",,
trident's_point,item_314,17,Trident's Point,Máscara de búho,Eulenmaske,Masque de chouette,Weapon,7,0,30,0,Pierce,A three-pronged spear corroded by salt.,"Cinematic dark fantasy: Massive gleaming celestial bronze trident head attached to a new shaft, dripping with sea water.",icon format for role playing game item (160x160). cartoon realism,"Cinematic dark fantasy: Massive gleaming celestial bronze trident head attached to a new shaft, dripping with sea water.

icon format for role playing game item (160x160). cartoon realism",,
owl_mask,item_315,17,Owl Mask,Colmillo del Conocimiento,Fangzahn des Wissens,Croc du Savoir,Armour,7,0,10,10,Intellect,A marble mask with blue intellectual energy.,"Cinematic dark fantasy: A regal white marble mask of an owl, eyes glowing with bright blue light when worn.",icon format for role playing game item (160x160). cartoon realism,"Cinematic dark fantasy: A regal white marble mask of an owl, eyes glowing with bright blue light when worn.

icon format for role playing game item (160x160). cartoon realism",,
fang_of_knowledge,item_316,17,Fang of Knowledge,Cadenas de Sacrificio,Ketten der Opferung,Chaînes du Sacrifice,Weapon,7,0,25,0,Poison,"A sharp, curved tooth dripping with ink.","Cinematic dark fantasy: A foot-long yellowed ivory tooth from a sea monster, dripping with glowing purple ink.",icon format for role playing game item (160x160). cartoon realism,"Cinematic dark fantasy: A foot-long yellowed ivory tooth from a sea monster, dripping with glowing purple ink.

icon format for role playing game item (160x160). cartoon realism",,
chains_of_sacrifice,item_317,17,Chains of Sacrifice,Pluma de Pegaso,Pegasusfeder,Plume de Pégase,Utility,7,0,15,15,Bind,Glowing silver chains that extend as if alive.,"Cinematic dark fantasy: Heavy silver chains that glow with an ethereal light, pulsating as if they have a heartbeat.",icon format for role playing game item (160x160). cartoon realism,"Cinematic dark fantasy: Heavy silver chains that glow with an ethereal light, pulsating as if they have a heartbeat.

icon format for role playing game item (160x160). cartoon realism",,
pegasus_quill,item_318,18,Pegasus Quill,Fragmento de Rayo,Donnerkeilsplitter,Éclat de Foudre,Material,7,0,0,0,Fly,A glowing white primary feather.,"Cinematic dark fantasy: A large, stiff white feather that glows with stardust, shimmering with a rainbow oily sheen.",icon format for role playing game item (160x160). cartoon realism,"Cinematic dark fantasy: A large, stiff white feather that glows with stardust, shimmering with a rainbow oily sheen.

icon format for role playing game item (160x160). cartoon realism",,
thunderbolt_shard,item_319,18,Thunderbolt Shard,Trampa del Salvador,Schlinge des Erretters,Piège du Sauveur,Weapon,7,0,45,0,Shock,A jagged crystalline shard of electricity.,"Cinematic dark fantasy: A jagged shard of pure electricity, crackling with white and blue sparks, glowing intensely.",icon format for role playing game item (160x160). cartoon realism,"Cinematic dark fantasy: A jagged shard of pure electricity, crackling with white and blue sparks, glowing intensely.

icon format for role playing game item (160x160). cartoon realism",,
savior's_snare,item_320,18,Savior's Snare,,,,Utility,7,0,10,5,Trap,A sturdy net reinforced with lead weights.,"Cinematic dark fantasy: Heavy fishing net, lead weights shaped like fish, golden threads woven into coarse hemp.",icon format for role playing game item (160x160). cartoon realism,"Cinematic dark fantasy: Heavy fishing net, lead weights shaped like fish, golden threads woven into coarse hemp.

icon format for role playing game item (160x160). cartoon realism",,